elevation,pps
209,POINT (40.252916666666671 48.082083333333337)
207,POINT (40.252916666666671 48.082361111111112)
208,POINT (40.252916666666671 48.082638888888894)
209,POINT (40.252916666666671 48.082916666666669)
212,POINT (40.252916666666671 48.083194444444445)
214,POINT (40.252916666666671 48.083472222222227)
215,POINT (40.252916666666671 48.08375)
217,POINT (40.252916666666671 48.084027777777777)
219,POINT (40.252916666666671 48.084305555555559)
217,POINT (40.252916666666671 48.084583333333335)
217,POINT (40.252916666666671 48.084861111111117)
216,POINT (40.252916666666671 48.085138888888892)
218,POINT (40.252916666666671 48.085416666666667)
219,POINT (40.252916666666671 48.085694444444449)
221,POINT (40.252916666666671 48.085972222222225)
220,POINT (40.252916666666671 48.08625)
221,POINT (40.252916666666671 48.086527777777782)
222,POINT (40.252916666666671 48.086805555555557)
223,POINT (40.252916666666671 48.087083333333332)
223,POINT (40.252916666666671 48.087361111111115)
224,POINT (40.252916666666671 48.08763888888889)
225,POINT (40.252916666666671 48.087916666666672)
225,POINT (40.252916666666671 48.088194444444447)
225,POINT (40.252916666666671 48.088472222222222)
225,POINT (40.252916666666671 48.088750000000005)
223,POINT (40.252916666666671 48.08902777777778)
221,POINT (40.252916666666671 48.089305555555555)
220,POINT (40.252916666666671 48.089583333333337)
220,POINT (40.252916666666671 48.089861111111112)
217,POINT (40.252916666666671 48.090138888888895)
216,POINT (40.252916666666671 48.09041666666667)
217,POINT (40.252916666666671 48.090694444444445)
217,POINT (40.252916666666671 48.090972222222227)
217,POINT (40.252916666666671 48.09125)
216,POINT (40.252916666666671 48.091527777777777)
214,POINT (40.252916666666671 48.09180555555556)
212,POINT (40.252916666666671 48.092083333333335)
211,POINT (40.252916666666671 48.09236111111111)
211,POINT (40.252916666666671 48.092638888888892)
211,POINT (40.252916666666671 48.092916666666667)
213,POINT (40.252916666666671 48.09319444444445)
212,POINT (40.252916666666671 48.093472222222225)
212,POINT (40.252916666666671 48.09375)
213,POINT (40.252916666666671 48.094027777777782)
213,POINT (40.252916666666671 48.094305555555557)
211,POINT (40.252916666666671 48.094583333333333)
210,POINT (40.253194444444446 48.082083333333337)
208,POINT (40.253194444444446 48.082361111111112)
207,POINT (40.253194444444446 48.082638888888894)
209,POINT (40.253194444444446 48.082916666666669)
211,POINT (40.253194444444446 48.083194444444445)
214,POINT (40.253194444444446 48.083472222222227)
215,POINT (40.253194444444446 48.08375)
216,POINT (40.253194444444446 48.084027777777777)
219,POINT (40.253194444444446 48.084305555555559)
219,POINT (40.253194444444446 48.084583333333335)
220,POINT (40.253194444444446 48.084861111111117)
217,POINT (40.253194444444446 48.085138888888892)
220,POINT (40.253194444444446 48.085416666666667)
219,POINT (40.253194444444446 48.085694444444449)
221,POINT (40.253194444444446 48.085972222222225)
221,POINT (40.253194444444446 48.08625)
222,POINT (40.253194444444446 48.086527777777782)
223,POINT (40.253194444444446 48.086805555555557)
224,POINT (40.253194444444446 48.087083333333332)
224,POINT (40.253194444444446 48.087361111111115)
224,POINT (40.253194444444446 48.08763888888889)
225,POINT (40.253194444444446 48.087916666666672)
224,POINT (40.253194444444446 48.088194444444447)
224,POINT (40.253194444444446 48.088472222222222)
224,POINT (40.253194444444446 48.088750000000005)
224,POINT (40.253194444444446 48.08902777777778)
221,POINT (40.253194444444446 48.089305555555555)
221,POINT (40.253194444444446 48.089583333333337)
219,POINT (40.253194444444446 48.089861111111112)
217,POINT (40.253194444444446 48.090138888888895)
216,POINT (40.253194444444446 48.09041666666667)
218,POINT (40.253194444444446 48.090694444444445)
218,POINT (40.253194444444446 48.090972222222227)
215,POINT (40.253194444444446 48.09125)
215,POINT (40.253194444444446 48.091527777777777)
214,POINT (40.253194444444446 48.09180555555556)
212,POINT (40.253194444444446 48.092083333333335)
212,POINT (40.253194444444446 48.09236111111111)
213,POINT (40.253194444444446 48.092638888888892)
214,POINT (40.253194444444446 48.092916666666667)
214,POINT (40.253194444444446 48.09319444444445)
213,POINT (40.253194444444446 48.093472222222225)
213,POINT (40.253194444444446 48.09375)
213,POINT (40.253194444444446 48.094027777777782)
212,POINT (40.253194444444446 48.094305555555557)
211,POINT (40.253194444444446 48.094583333333333)
211,POINT (40.253472222222221 48.082083333333337)
210,POINT (40.253472222222221 48.082361111111112)
208,POINT (40.253472222222221 48.082638888888894)
209,POINT (40.253472222222221 48.082916666666669)
210,POINT (40.253472222222221 48.083194444444445)
216,POINT (40.253472222222221 48.083472222222227)
214,POINT (40.253472222222221 48.08375)
216,POINT (40.253472222222221 48.084027777777777)
217,POINT (40.253472222222221 48.084305555555559)
220,POINT (40.253472222222221 48.084583333333335)
221,POINT (40.253472222222221 48.084861111111117)
223,POINT (40.253472222222221 48.085138888888892)
223,POINT (40.253472222222221 48.085416666666667)
220,POINT (40.253472222222221 48.085694444444449)
222,POINT (40.253472222222221 48.085972222222225)
223,POINT (40.253472222222221 48.08625)
223,POINT (40.253472222222221 48.086527777777782)
224,POINT (40.253472222222221 48.086805555555557)
225,POINT (40.253472222222221 48.087083333333332)
224,POINT (40.253472222222221 48.087361111111115)
225,POINT (40.253472222222221 48.08763888888889)
225,POINT (40.253472222222221 48.087916666666672)
225,POINT (40.253472222222221 48.088194444444447)
224,POINT (40.253472222222221 48.088472222222222)
224,POINT (40.253472222222221 48.088750000000005)
224,POINT (40.253472222222221 48.08902777777778)
221,POINT (40.253472222222221 48.089305555555555)
221,POINT (40.253472222222221 48.089583333333337)
220,POINT (40.253472222222221 48.089861111111112)
219,POINT (40.253472222222221 48.090138888888895)
218,POINT (40.253472222222221 48.09041666666667)
218,POINT (40.253472222222221 48.090694444444445)
218,POINT (40.253472222222221 48.090972222222227)
216,POINT (40.253472222222221 48.09125)
216,POINT (40.253472222222221 48.091527777777777)
214,POINT (40.253472222222221 48.09180555555556)
211,POINT (40.253472222222221 48.092083333333335)
214,POINT (40.253472222222221 48.09236111111111)
215,POINT (40.253472222222221 48.092638888888892)
214,POINT (40.253472222222221 48.092916666666667)
214,POINT (40.253472222222221 48.09319444444445)
215,POINT (40.253472222222221 48.093472222222225)
214,POINT (40.253472222222221 48.09375)
214,POINT (40.253472222222221 48.094027777777782)
212,POINT (40.253472222222221 48.094305555555557)
213,POINT (40.253472222222221 48.094583333333333)
212,POINT (40.253750000000004 48.082083333333337)
210,POINT (40.253750000000004 48.082361111111112)
208,POINT (40.253750000000004 48.082638888888894)
210,POINT (40.253750000000004 48.082916666666669)
211,POINT (40.253750000000004 48.083194444444445)
214,POINT (40.253750000000004 48.083472222222227)
216,POINT (40.253750000000004 48.08375)
216,POINT (40.253750000000004 48.084027777777777)
218,POINT (40.253750000000004 48.084305555555559)
220,POINT (40.253750000000004 48.084583333333335)
220,POINT (40.253750000000004 48.084861111111117)
223,POINT (40.253750000000004 48.085138888888892)
225,POINT (40.253750000000004 48.085416666666667)
223,POINT (40.253750000000004 48.085694444444449)
224,POINT (40.253750000000004 48.085972222222225)
224,POINT (40.253750000000004 48.08625)
226,POINT (40.253750000000004 48.086527777777782)
226,POINT (40.253750000000004 48.086805555555557)
224,POINT (40.253750000000004 48.087083333333332)
223,POINT (40.253750000000004 48.087361111111115)
225,POINT (40.253750000000004 48.08763888888889)
226,POINT (40.253750000000004 48.087916666666672)
226,POINT (40.253750000000004 48.088194444444447)
225,POINT (40.253750000000004 48.088472222222222)
224,POINT (40.253750000000004 48.088750000000005)
224,POINT (40.253750000000004 48.08902777777778)
225,POINT (40.253750000000004 48.089305555555555)
223,POINT (40.253750000000004 48.089583333333337)
221,POINT (40.253750000000004 48.089861111111112)
221,POINT (40.253750000000004 48.090138888888895)
219,POINT (40.253750000000004 48.09041666666667)
219,POINT (40.253750000000004 48.090694444444445)
217,POINT (40.253750000000004 48.090972222222227)
217,POINT (40.253750000000004 48.09125)
215,POINT (40.253750000000004 48.091527777777777)
214,POINT (40.253750000000004 48.09180555555556)
213,POINT (40.253750000000004 48.092083333333335)
215,POINT (40.253750000000004 48.09236111111111)
216,POINT (40.253750000000004 48.092638888888892)
214,POINT (40.253750000000004 48.092916666666667)
215,POINT (40.253750000000004 48.09319444444445)
217,POINT (40.253750000000004 48.093472222222225)
216,POINT (40.253750000000004 48.09375)
215,POINT (40.253750000000004 48.094027777777782)
213,POINT (40.253750000000004 48.094305555555557)
214,POINT (40.253750000000004 48.094583333333333)
212,POINT (40.254027777777779 48.082083333333337)
210,POINT (40.254027777777779 48.082361111111112)
209,POINT (40.254027777777779 48.082638888888894)
210,POINT (40.254027777777779 48.082916666666669)
211,POINT (40.254027777777779 48.083194444444445)
216,POINT (40.254027777777779 48.083472222222227)
221,POINT (40.254027777777779 48.08375)
219,POINT (40.254027777777779 48.084027777777777)
219,POINT (40.254027777777779 48.084305555555559)
221,POINT (40.254027777777779 48.084583333333335)
220,POINT (40.254027777777779 48.084861111111117)
224,POINT (40.254027777777779 48.085138888888892)
226,POINT (40.254027777777779 48.085416666666667)
224,POINT (40.254027777777779 48.085694444444449)
224,POINT (40.254027777777779 48.085972222222225)
225,POINT (40.254027777777779 48.08625)
226,POINT (40.254027777777779 48.086527777777782)
226,POINT (40.254027777777779 48.086805555555557)
225,POINT (40.254027777777779 48.087083333333332)
223,POINT (40.254027777777779 48.087361111111115)
225,POINT (40.254027777777779 48.08763888888889)
225,POINT (40.254027777777779 48.087916666666672)
226,POINT (40.254027777777779 48.088194444444447)
226,POINT (40.254027777777779 48.088472222222222)
224,POINT (40.254027777777779 48.088750000000005)
225,POINT (40.254027777777779 48.08902777777778)
226,POINT (40.254027777777779 48.089305555555555)
224,POINT (40.254027777777779 48.089583333333337)
223,POINT (40.254027777777779 48.089861111111112)
222,POINT (40.254027777777779 48.090138888888895)
220,POINT (40.254027777777779 48.09041666666667)
219,POINT (40.254027777777779 48.090694444444445)
218,POINT (40.254027777777779 48.090972222222227)
218,POINT (40.254027777777779 48.09125)
217,POINT (40.254027777777779 48.091527777777777)
214,POINT (40.254027777777779 48.09180555555556)
214,POINT (40.254027777777779 48.092083333333335)
216,POINT (40.254027777777779 48.09236111111111)
216,POINT (40.254027777777779 48.092638888888892)
215,POINT (40.254027777777779 48.092916666666667)
213,POINT (40.254027777777779 48.09319444444445)
216,POINT (40.254027777777779 48.093472222222225)
216,POINT (40.254027777777779 48.09375)
214,POINT (40.254027777777779 48.094027777777782)
214,POINT (40.254027777777779 48.094305555555557)
215,POINT (40.254027777777779 48.094583333333333)
212,POINT (40.254305555555561 48.082083333333337)
210,POINT (40.254305555555561 48.082361111111112)
210,POINT (40.254305555555561 48.082638888888894)
211,POINT (40.254305555555561 48.082916666666669)
213,POINT (40.254305555555561 48.083194444444445)
216,POINT (40.254305555555561 48.083472222222227)
219,POINT (40.254305555555561 48.08375)
220,POINT (40.254305555555561 48.084027777777777)
220,POINT (40.254305555555561 48.084305555555559)
222,POINT (40.254305555555561 48.084583333333335)
222,POINT (40.254305555555561 48.084861111111117)
224,POINT (40.254305555555561 48.085138888888892)
226,POINT (40.254305555555561 48.085416666666667)
227,POINT (40.254305555555561 48.085694444444449)
227,POINT (40.254305555555561 48.085972222222225)
227,POINT (40.254305555555561 48.08625)
227,POINT (40.254305555555561 48.086527777777782)
226,POINT (40.254305555555561 48.086805555555557)
226,POINT (40.254305555555561 48.087083333333332)
226,POINT (40.254305555555561 48.087361111111115)
226,POINT (40.254305555555561 48.08763888888889)
227,POINT (40.254305555555561 48.087916666666672)
227,POINT (40.254305555555561 48.088194444444447)
227,POINT (40.254305555555561 48.088472222222222)
227,POINT (40.254305555555561 48.088750000000005)
226,POINT (40.254305555555561 48.08902777777778)
226,POINT (40.254305555555561 48.089305555555555)
225,POINT (40.254305555555561 48.089583333333337)
223,POINT (40.254305555555561 48.089861111111112)
222,POINT (40.254305555555561 48.090138888888895)
222,POINT (40.254305555555561 48.09041666666667)
220,POINT (40.254305555555561 48.090694444444445)
218,POINT (40.254305555555561 48.090972222222227)
218,POINT (40.254305555555561 48.09125)
217,POINT (40.254305555555561 48.091527777777777)
215,POINT (40.254305555555561 48.09180555555556)
215,POINT (40.254305555555561 48.092083333333335)
215,POINT (40.254305555555561 48.09236111111111)
217,POINT (40.254305555555561 48.092638888888892)
218,POINT (40.254305555555561 48.092916666666667)
217,POINT (40.254305555555561 48.09319444444445)
215,POINT (40.254305555555561 48.093472222222225)
213,POINT (40.254305555555561 48.09375)
213,POINT (40.254305555555561 48.094027777777782)
213,POINT (40.254305555555561 48.094305555555557)
215,POINT (40.254305555555561 48.094583333333333)
213,POINT (40.254583333333336 48.082083333333337)
211,POINT (40.254583333333336 48.082361111111112)
211,POINT (40.254583333333336 48.082638888888894)
212,POINT (40.254583333333336 48.082916666666669)
214,POINT (40.254583333333336 48.083194444444445)
217,POINT (40.254583333333336 48.083472222222227)
220,POINT (40.254583333333336 48.08375)
220,POINT (40.254583333333336 48.084027777777777)
221,POINT (40.254583333333336 48.084305555555559)
223,POINT (40.254583333333336 48.084583333333335)
224,POINT (40.254583333333336 48.084861111111117)
225,POINT (40.254583333333336 48.085138888888892)
227,POINT (40.254583333333336 48.085416666666667)
229,POINT (40.254583333333336 48.085694444444449)
229,POINT (40.254583333333336 48.085972222222225)
228,POINT (40.254583333333336 48.08625)
228,POINT (40.254583333333336 48.086527777777782)
227,POINT (40.254583333333336 48.086805555555557)
227,POINT (40.254583333333336 48.087083333333332)
227,POINT (40.254583333333336 48.087361111111115)
227,POINT (40.254583333333336 48.08763888888889)
227,POINT (40.254583333333336 48.087916666666672)
228,POINT (40.254583333333336 48.088194444444447)
228,POINT (40.254583333333336 48.088472222222222)
227,POINT (40.254583333333336 48.088750000000005)
227,POINT (40.254583333333336 48.08902777777778)
226,POINT (40.254583333333336 48.089305555555555)
227,POINT (40.254583333333336 48.089583333333337)
224,POINT (40.254583333333336 48.089861111111112)
223,POINT (40.254583333333336 48.090138888888895)
222,POINT (40.254583333333336 48.09041666666667)
222,POINT (40.254583333333336 48.090694444444445)
220,POINT (40.254583333333336 48.090972222222227)
218,POINT (40.254583333333336 48.09125)
217,POINT (40.254583333333336 48.091527777777777)
216,POINT (40.254583333333336 48.09180555555556)
216,POINT (40.254583333333336 48.092083333333335)
215,POINT (40.254583333333336 48.09236111111111)
217,POINT (40.254583333333336 48.092638888888892)
221,POINT (40.254583333333336 48.092916666666667)
222,POINT (40.254583333333336 48.09319444444445)
214,POINT (40.254583333333336 48.093472222222225)
214,POINT (40.254583333333336 48.09375)
214,POINT (40.254583333333336 48.094027777777782)
214,POINT (40.254583333333336 48.094305555555557)
215,POINT (40.254583333333336 48.094583333333333)
214,POINT (40.254861111111111 48.082083333333337)
211,POINT (40.254861111111111 48.082361111111112)
210,POINT (40.254861111111111 48.082638888888894)
213,POINT (40.254861111111111 48.082916666666669)
216,POINT (40.254861111111111 48.083194444444445)
217,POINT (40.254861111111111 48.083472222222227)
220,POINT (40.254861111111111 48.08375)
221,POINT (40.254861111111111 48.084027777777777)
222,POINT (40.254861111111111 48.084305555555559)
225,POINT (40.254861111111111 48.084583333333335)
225,POINT (40.254861111111111 48.084861111111117)
226,POINT (40.254861111111111 48.085138888888892)
228,POINT (40.254861111111111 48.085416666666667)
229,POINT (40.254861111111111 48.085694444444449)
229,POINT (40.254861111111111 48.085972222222225)
229,POINT (40.254861111111111 48.08625)
230,POINT (40.254861111111111 48.086527777777782)
228,POINT (40.254861111111111 48.086805555555557)
228,POINT (40.254861111111111 48.087083333333332)
228,POINT (40.254861111111111 48.087361111111115)
226,POINT (40.254861111111111 48.08763888888889)
225,POINT (40.254861111111111 48.087916666666672)
227,POINT (40.254861111111111 48.088194444444447)
227,POINT (40.254861111111111 48.088472222222222)
227,POINT (40.254861111111111 48.088750000000005)
226,POINT (40.254861111111111 48.08902777777778)
228,POINT (40.254861111111111 48.089305555555555)
228,POINT (40.254861111111111 48.089583333333337)
224,POINT (40.254861111111111 48.089861111111112)
221,POINT (40.254861111111111 48.090138888888895)
223,POINT (40.254861111111111 48.09041666666667)
220,POINT (40.254861111111111 48.090694444444445)
220,POINT (40.254861111111111 48.090972222222227)
218,POINT (40.254861111111111 48.09125)
218,POINT (40.254861111111111 48.091527777777777)
216,POINT (40.254861111111111 48.09180555555556)
216,POINT (40.254861111111111 48.092083333333335)
217,POINT (40.254861111111111 48.09236111111111)
219,POINT (40.254861111111111 48.092638888888892)
223,POINT (40.254861111111111 48.092916666666667)
225,POINT (40.254861111111111 48.09319444444445)
215,POINT (40.254861111111111 48.093472222222225)
218,POINT (40.254861111111111 48.09375)
217,POINT (40.254861111111111 48.094027777777782)
217,POINT (40.254861111111111 48.094305555555557)
216,POINT (40.254861111111111 48.094583333333333)
214,POINT (40.255138888888894 48.082083333333337)
211,POINT (40.255138888888894 48.082361111111112)
212,POINT (40.255138888888894 48.082638888888894)
214,POINT (40.255138888888894 48.082916666666669)
217,POINT (40.255138888888894 48.083194444444445)
214,POINT (40.255138888888894 48.083472222222227)
219,POINT (40.255138888888894 48.08375)
222,POINT (40.255138888888894 48.084027777777777)
223,POINT (40.255138888888894 48.084305555555559)
223,POINT (40.255138888888894 48.084583333333335)
226,POINT (40.255138888888894 48.084861111111117)
228,POINT (40.255138888888894 48.085138888888892)
229,POINT (40.255138888888894 48.085416666666667)
228,POINT (40.255138888888894 48.085694444444449)
230,POINT (40.255138888888894 48.085972222222225)
229,POINT (40.255138888888894 48.08625)
228,POINT (40.255138888888894 48.086527777777782)
228,POINT (40.255138888888894 48.086805555555557)
229,POINT (40.255138888888894 48.087083333333332)
228,POINT (40.255138888888894 48.087361111111115)
226,POINT (40.255138888888894 48.08763888888889)
226,POINT (40.255138888888894 48.087916666666672)
231,POINT (40.255138888888894 48.088194444444447)
230,POINT (40.255138888888894 48.088472222222222)
229,POINT (40.255138888888894 48.088750000000005)
227,POINT (40.255138888888894 48.08902777777778)
226,POINT (40.255138888888894 48.089305555555555)
224,POINT (40.255138888888894 48.089583333333337)
226,POINT (40.255138888888894 48.089861111111112)
225,POINT (40.255138888888894 48.090138888888895)
226,POINT (40.255138888888894 48.09041666666667)
222,POINT (40.255138888888894 48.090694444444445)
220,POINT (40.255138888888894 48.090972222222227)
218,POINT (40.255138888888894 48.09125)
218,POINT (40.255138888888894 48.091527777777777)
216,POINT (40.255138888888894 48.09180555555556)
218,POINT (40.255138888888894 48.092083333333335)
220,POINT (40.255138888888894 48.09236111111111)
221,POINT (40.255138888888894 48.092638888888892)
222,POINT (40.255138888888894 48.092916666666667)
222,POINT (40.255138888888894 48.09319444444445)
219,POINT (40.255138888888894 48.093472222222225)
220,POINT (40.255138888888894 48.09375)
219,POINT (40.255138888888894 48.094027777777782)
219,POINT (40.255138888888894 48.094305555555557)
217,POINT (40.255138888888894 48.094583333333333)
211,POINT (40.255416666666669 48.082083333333337)
212,POINT (40.255416666666669 48.082361111111112)
212,POINT (40.255416666666669 48.082638888888894)
214,POINT (40.255416666666669 48.082916666666669)
215,POINT (40.255416666666669 48.083194444444445)
219,POINT (40.255416666666669 48.083472222222227)
218,POINT (40.255416666666669 48.08375)
220,POINT (40.255416666666669 48.084027777777777)
222,POINT (40.255416666666669 48.084305555555559)
222,POINT (40.255416666666669 48.084583333333335)
226,POINT (40.255416666666669 48.084861111111117)
229,POINT (40.255416666666669 48.085138888888892)
231,POINT (40.255416666666669 48.085416666666667)
228,POINT (40.255416666666669 48.085694444444449)
227,POINT (40.255416666666669 48.085972222222225)
229,POINT (40.255416666666669 48.08625)
228,POINT (40.255416666666669 48.086527777777782)
227,POINT (40.255416666666669 48.086805555555557)
229,POINT (40.255416666666669 48.087083333333332)
228,POINT (40.255416666666669 48.087361111111115)
228,POINT (40.255416666666669 48.08763888888889)
229,POINT (40.255416666666669 48.087916666666672)
232,POINT (40.255416666666669 48.088194444444447)
230,POINT (40.255416666666669 48.088472222222222)
229,POINT (40.255416666666669 48.088750000000005)
227,POINT (40.255416666666669 48.08902777777778)
228,POINT (40.255416666666669 48.089305555555555)
224,POINT (40.255416666666669 48.089583333333337)
226,POINT (40.255416666666669 48.089861111111112)
226,POINT (40.255416666666669 48.090138888888895)
226,POINT (40.255416666666669 48.09041666666667)
223,POINT (40.255416666666669 48.090694444444445)
223,POINT (40.255416666666669 48.090972222222227)
220,POINT (40.255416666666669 48.09125)
219,POINT (40.255416666666669 48.091527777777777)
219,POINT (40.255416666666669 48.09180555555556)
219,POINT (40.255416666666669 48.092083333333335)
221,POINT (40.255416666666669 48.09236111111111)
223,POINT (40.255416666666669 48.092638888888892)
218,POINT (40.255416666666669 48.092916666666667)
221,POINT (40.255416666666669 48.09319444444445)
218,POINT (40.255416666666669 48.093472222222225)
218,POINT (40.255416666666669 48.09375)
217,POINT (40.255416666666669 48.094027777777782)
221,POINT (40.255416666666669 48.094305555555557)
218,POINT (40.255416666666669 48.094583333333333)
214,POINT (40.255694444444444 48.082083333333337)
213,POINT (40.255694444444444 48.082361111111112)
213,POINT (40.255694444444444 48.082638888888894)
214,POINT (40.255694444444444 48.082916666666669)
215,POINT (40.255694444444444 48.083194444444445)
219,POINT (40.255694444444444 48.083472222222227)
221,POINT (40.255694444444444 48.08375)
221,POINT (40.255694444444444 48.084027777777777)
220,POINT (40.255694444444444 48.084305555555559)
223,POINT (40.255694444444444 48.084583333333335)
225,POINT (40.255694444444444 48.084861111111117)
228,POINT (40.255694444444444 48.085138888888892)
229,POINT (40.255694444444444 48.085416666666667)
228,POINT (40.255694444444444 48.085694444444449)
227,POINT (40.255694444444444 48.085972222222225)
231,POINT (40.255694444444444 48.08625)
232,POINT (40.255694444444444 48.086527777777782)
229,POINT (40.255694444444444 48.086805555555557)
231,POINT (40.255694444444444 48.087083333333332)
229,POINT (40.255694444444444 48.087361111111115)
230,POINT (40.255694444444444 48.08763888888889)
231,POINT (40.255694444444444 48.087916666666672)
230,POINT (40.255694444444444 48.088194444444447)
230,POINT (40.255694444444444 48.088472222222222)
228,POINT (40.255694444444444 48.088750000000005)
225,POINT (40.255694444444444 48.08902777777778)
228,POINT (40.255694444444444 48.089305555555555)
226,POINT (40.255694444444444 48.089583333333337)
226,POINT (40.255694444444444 48.089861111111112)
225,POINT (40.255694444444444 48.090138888888895)
225,POINT (40.255694444444444 48.09041666666667)
224,POINT (40.255694444444444 48.090694444444445)
223,POINT (40.255694444444444 48.090972222222227)
221,POINT (40.255694444444444 48.09125)
220,POINT (40.255694444444444 48.091527777777777)
219,POINT (40.255694444444444 48.09180555555556)
221,POINT (40.255694444444444 48.092083333333335)
220,POINT (40.255694444444444 48.09236111111111)
220,POINT (40.255694444444444 48.092638888888892)
213,POINT (40.255694444444444 48.092916666666667)
216,POINT (40.255694444444444 48.09319444444445)
215,POINT (40.255694444444444 48.093472222222225)
216,POINT (40.255694444444444 48.09375)
217,POINT (40.255694444444444 48.094027777777782)
220,POINT (40.255694444444444 48.094305555555557)
218,POINT (40.255694444444444 48.094583333333333)
216,POINT (40.255972222222226 48.082083333333337)
213,POINT (40.255972222222226 48.082361111111112)
214,POINT (40.255972222222226 48.082638888888894)
214,POINT (40.255972222222226 48.082916666666669)
215,POINT (40.255972222222226 48.083194444444445)
216,POINT (40.255972222222226 48.083472222222227)
219,POINT (40.255972222222226 48.08375)
221,POINT (40.255972222222226 48.084027777777777)
221,POINT (40.255972222222226 48.084305555555559)
222,POINT (40.255972222222226 48.084583333333335)
225,POINT (40.255972222222226 48.084861111111117)
225,POINT (40.255972222222226 48.085138888888892)
227,POINT (40.255972222222226 48.085416666666667)
228,POINT (40.255972222222226 48.085694444444449)
228,POINT (40.255972222222226 48.085972222222225)
230,POINT (40.255972222222226 48.08625)
233,POINT (40.255972222222226 48.086527777777782)
231,POINT (40.255972222222226 48.086805555555557)
231,POINT (40.255972222222226 48.087083333333332)
230,POINT (40.255972222222226 48.087361111111115)
231,POINT (40.255972222222226 48.08763888888889)
231,POINT (40.255972222222226 48.087916666666672)
230,POINT (40.255972222222226 48.088194444444447)
229,POINT (40.255972222222226 48.088472222222222)
228,POINT (40.255972222222226 48.088750000000005)
226,POINT (40.255972222222226 48.08902777777778)
230,POINT (40.255972222222226 48.089305555555555)
227,POINT (40.255972222222226 48.089583333333337)
226,POINT (40.255972222222226 48.089861111111112)
225,POINT (40.255972222222226 48.090138888888895)
224,POINT (40.255972222222226 48.09041666666667)
224,POINT (40.255972222222226 48.090694444444445)
221,POINT (40.255972222222226 48.090972222222227)
221,POINT (40.255972222222226 48.09125)
220,POINT (40.255972222222226 48.091527777777777)
222,POINT (40.255972222222226 48.09180555555556)
221,POINT (40.255972222222226 48.092083333333335)
221,POINT (40.255972222222226 48.09236111111111)
216,POINT (40.255972222222226 48.092638888888892)
215,POINT (40.255972222222226 48.092916666666667)
215,POINT (40.255972222222226 48.09319444444445)
214,POINT (40.255972222222226 48.093472222222225)
218,POINT (40.255972222222226 48.09375)
219,POINT (40.255972222222226 48.094027777777782)
219,POINT (40.255972222222226 48.094305555555557)
219,POINT (40.255972222222226 48.094583333333333)
216,POINT (40.25625 48.082083333333337)
214,POINT (40.25625 48.082361111111112)
214,POINT (40.25625 48.082638888888894)
214,POINT (40.25625 48.082916666666669)
215,POINT (40.25625 48.083194444444445)
215,POINT (40.25625 48.083472222222227)
217,POINT (40.25625 48.08375)
219,POINT (40.25625 48.084027777777777)
221,POINT (40.25625 48.084305555555559)
224,POINT (40.25625 48.084583333333335)
225,POINT (40.25625 48.084861111111117)
226,POINT (40.25625 48.085138888888892)
227,POINT (40.25625 48.085416666666667)
227,POINT (40.25625 48.085694444444449)
229,POINT (40.25625 48.085972222222225)
232,POINT (40.25625 48.08625)
233,POINT (40.25625 48.086527777777782)
231,POINT (40.25625 48.086805555555557)
230,POINT (40.25625 48.087083333333332)
230,POINT (40.25625 48.087361111111115)
230,POINT (40.25625 48.08763888888889)
230,POINT (40.25625 48.087916666666672)
230,POINT (40.25625 48.088194444444447)
227,POINT (40.25625 48.088472222222222)
227,POINT (40.25625 48.088750000000005)
225,POINT (40.25625 48.08902777777778)
228,POINT (40.25625 48.089305555555555)
226,POINT (40.25625 48.089583333333337)
226,POINT (40.25625 48.089861111111112)
226,POINT (40.25625 48.090138888888895)
226,POINT (40.25625 48.09041666666667)
223,POINT (40.25625 48.090694444444445)
221,POINT (40.25625 48.090972222222227)
221,POINT (40.25625 48.09125)
221,POINT (40.25625 48.091527777777777)
221,POINT (40.25625 48.09180555555556)
222,POINT (40.25625 48.092083333333335)
223,POINT (40.25625 48.09236111111111)
220,POINT (40.25625 48.092638888888892)
219,POINT (40.25625 48.092916666666667)
217,POINT (40.25625 48.09319444444445)
218,POINT (40.25625 48.093472222222225)
219,POINT (40.25625 48.09375)
220,POINT (40.25625 48.094027777777782)
221,POINT (40.25625 48.094305555555557)
220,POINT (40.25625 48.094583333333333)
216,POINT (40.256527777777777 48.082083333333337)
214,POINT (40.256527777777777 48.082361111111112)
214,POINT (40.256527777777777 48.082638888888894)
214,POINT (40.256527777777777 48.082916666666669)
216,POINT (40.256527777777777 48.083194444444445)
216,POINT (40.256527777777777 48.083472222222227)
216,POINT (40.256527777777777 48.08375)
219,POINT (40.256527777777777 48.084027777777777)
223,POINT (40.256527777777777 48.084305555555559)
224,POINT (40.256527777777777 48.084583333333335)
225,POINT (40.256527777777777 48.084861111111117)
227,POINT (40.256527777777777 48.085138888888892)
226,POINT (40.256527777777777 48.085416666666667)
226,POINT (40.256527777777777 48.085694444444449)
230,POINT (40.256527777777777 48.085972222222225)
231,POINT (40.256527777777777 48.08625)
232,POINT (40.256527777777777 48.086527777777782)
231,POINT (40.256527777777777 48.086805555555557)
231,POINT (40.256527777777777 48.087083333333332)
230,POINT (40.256527777777777 48.087361111111115)
226,POINT (40.256527777777777 48.08763888888889)
228,POINT (40.256527777777777 48.087916666666672)
229,POINT (40.256527777777777 48.088194444444447)
228,POINT (40.256527777777777 48.088472222222222)
226,POINT (40.256527777777777 48.088750000000005)
226,POINT (40.256527777777777 48.08902777777778)
226,POINT (40.256527777777777 48.089305555555555)
226,POINT (40.256527777777777 48.089583333333337)
226,POINT (40.256527777777777 48.089861111111112)
227,POINT (40.256527777777777 48.090138888888895)
227,POINT (40.256527777777777 48.09041666666667)
225,POINT (40.256527777777777 48.090694444444445)
222,POINT (40.256527777777777 48.090972222222227)
220,POINT (40.256527777777777 48.09125)
221,POINT (40.256527777777777 48.091527777777777)
224,POINT (40.256527777777777 48.09180555555556)
224,POINT (40.256527777777777 48.092083333333335)
223,POINT (40.256527777777777 48.09236111111111)
220,POINT (40.256527777777777 48.092638888888892)
222,POINT (40.256527777777777 48.092916666666667)
220,POINT (40.256527777777777 48.09319444444445)
222,POINT (40.256527777777777 48.093472222222225)
221,POINT (40.256527777777777 48.09375)
221,POINT (40.256527777777777 48.094027777777782)
221,POINT (40.256527777777777 48.094305555555557)
220,POINT (40.256527777777777 48.094583333333333)
216,POINT (40.256805555555559 48.082083333333337)
214,POINT (40.256805555555559 48.082361111111112)
215,POINT (40.256805555555559 48.082638888888894)
214,POINT (40.256805555555559 48.082916666666669)
213,POINT (40.256805555555559 48.083194444444445)
219,POINT (40.256805555555559 48.083472222222227)
216,POINT (40.256805555555559 48.08375)
219,POINT (40.256805555555559 48.084027777777777)
222,POINT (40.256805555555559 48.084305555555559)
223,POINT (40.256805555555559 48.084583333333335)
226,POINT (40.256805555555559 48.084861111111117)
227,POINT (40.256805555555559 48.085138888888892)
227,POINT (40.256805555555559 48.085416666666667)
226,POINT (40.256805555555559 48.085694444444449)
229,POINT (40.256805555555559 48.085972222222225)
230,POINT (40.256805555555559 48.08625)
230,POINT (40.256805555555559 48.086527777777782)
231,POINT (40.256805555555559 48.086805555555557)
230,POINT (40.256805555555559 48.087083333333332)
229,POINT (40.256805555555559 48.087361111111115)
230,POINT (40.256805555555559 48.08763888888889)
231,POINT (40.256805555555559 48.087916666666672)
229,POINT (40.256805555555559 48.088194444444447)
229,POINT (40.256805555555559 48.088472222222222)
228,POINT (40.256805555555559 48.088750000000005)
229,POINT (40.256805555555559 48.08902777777778)
227,POINT (40.256805555555559 48.089305555555555)
227,POINT (40.256805555555559 48.089583333333337)
227,POINT (40.256805555555559 48.089861111111112)
227,POINT (40.256805555555559 48.090138888888895)
226,POINT (40.256805555555559 48.09041666666667)
225,POINT (40.256805555555559 48.090694444444445)
223,POINT (40.256805555555559 48.090972222222227)
220,POINT (40.256805555555559 48.09125)
221,POINT (40.256805555555559 48.091527777777777)
223,POINT (40.256805555555559 48.09180555555556)
225,POINT (40.256805555555559 48.092083333333335)
224,POINT (40.256805555555559 48.09236111111111)
221,POINT (40.256805555555559 48.092638888888892)
222,POINT (40.256805555555559 48.092916666666667)
220,POINT (40.256805555555559 48.09319444444445)
220,POINT (40.256805555555559 48.093472222222225)
221,POINT (40.256805555555559 48.09375)
220,POINT (40.256805555555559 48.094027777777782)
219,POINT (40.256805555555559 48.094305555555557)
220,POINT (40.256805555555559 48.094583333333333)
215,POINT (40.257083333333334 48.082083333333337)
214,POINT (40.257083333333334 48.082361111111112)
216,POINT (40.257083333333334 48.082638888888894)
216,POINT (40.257083333333334 48.082916666666669)
212,POINT (40.257083333333334 48.083194444444445)
215,POINT (40.257083333333334 48.083472222222227)
217,POINT (40.257083333333334 48.08375)
220,POINT (40.257083333333334 48.084027777777777)
222,POINT (40.257083333333334 48.084305555555559)
223,POINT (40.257083333333334 48.084583333333335)
225,POINT (40.257083333333334 48.084861111111117)
226,POINT (40.257083333333334 48.085138888888892)
226,POINT (40.257083333333334 48.085416666666667)
227,POINT (40.257083333333334 48.085694444444449)
231,POINT (40.257083333333334 48.085972222222225)
232,POINT (40.257083333333334 48.08625)
231,POINT (40.257083333333334 48.086527777777782)
230,POINT (40.257083333333334 48.086805555555557)
230,POINT (40.257083333333334 48.087083333333332)
230,POINT (40.257083333333334 48.087361111111115)
230,POINT (40.257083333333334 48.08763888888889)
232,POINT (40.257083333333334 48.087916666666672)
232,POINT (40.257083333333334 48.088194444444447)
230,POINT (40.257083333333334 48.088472222222222)
229,POINT (40.257083333333334 48.088750000000005)
228,POINT (40.257083333333334 48.08902777777778)
231,POINT (40.257083333333334 48.089305555555555)
229,POINT (40.257083333333334 48.089583333333337)
229,POINT (40.257083333333334 48.089861111111112)
226,POINT (40.257083333333334 48.090138888888895)
224,POINT (40.257083333333334 48.09041666666667)
225,POINT (40.257083333333334 48.090694444444445)
223,POINT (40.257083333333334 48.090972222222227)
222,POINT (40.257083333333334 48.09125)
222,POINT (40.257083333333334 48.091527777777777)
222,POINT (40.257083333333334 48.09180555555556)
224,POINT (40.257083333333334 48.092083333333335)
223,POINT (40.257083333333334 48.09236111111111)
222,POINT (40.257083333333334 48.092638888888892)
222,POINT (40.257083333333334 48.092916666666667)
222,POINT (40.257083333333334 48.09319444444445)
220,POINT (40.257083333333334 48.093472222222225)
219,POINT (40.257083333333334 48.09375)
218,POINT (40.257083333333334 48.094027777777782)
219,POINT (40.257083333333334 48.094305555555557)
220,POINT (40.257083333333334 48.094583333333333)
215,POINT (40.257361111111116 48.082083333333337)
215,POINT (40.257361111111116 48.082361111111112)
217,POINT (40.257361111111116 48.082638888888894)
215,POINT (40.257361111111116 48.082916666666669)
216,POINT (40.257361111111116 48.083194444444445)
216,POINT (40.257361111111116 48.083472222222227)
218,POINT (40.257361111111116 48.08375)
220,POINT (40.257361111111116 48.084027777777777)
221,POINT (40.257361111111116 48.084305555555559)
222,POINT (40.257361111111116 48.084583333333335)
225,POINT (40.257361111111116 48.084861111111117)
227,POINT (40.257361111111116 48.085138888888892)
228,POINT (40.257361111111116 48.085416666666667)
228,POINT (40.257361111111116 48.085694444444449)
232,POINT (40.257361111111116 48.085972222222225)
233,POINT (40.257361111111116 48.08625)
231,POINT (40.257361111111116 48.086527777777782)
231,POINT (40.257361111111116 48.086805555555557)
231,POINT (40.257361111111116 48.087083333333332)
231,POINT (40.257361111111116 48.087361111111115)
232,POINT (40.257361111111116 48.08763888888889)
231,POINT (40.257361111111116 48.087916666666672)
229,POINT (40.257361111111116 48.088194444444447)
229,POINT (40.257361111111116 48.088472222222222)
229,POINT (40.257361111111116 48.088750000000005)
228,POINT (40.257361111111116 48.08902777777778)
229,POINT (40.257361111111116 48.089305555555555)
229,POINT (40.257361111111116 48.089583333333337)
228,POINT (40.257361111111116 48.089861111111112)
226,POINT (40.257361111111116 48.090138888888895)
224,POINT (40.257361111111116 48.09041666666667)
225,POINT (40.257361111111116 48.090694444444445)
224,POINT (40.257361111111116 48.090972222222227)
222,POINT (40.257361111111116 48.09125)
223,POINT (40.257361111111116 48.091527777777777)
222,POINT (40.257361111111116 48.09180555555556)
224,POINT (40.257361111111116 48.092083333333335)
223,POINT (40.257361111111116 48.09236111111111)
222,POINT (40.257361111111116 48.092638888888892)
223,POINT (40.257361111111116 48.092916666666667)
222,POINT (40.257361111111116 48.09319444444445)
222,POINT (40.257361111111116 48.093472222222225)
219,POINT (40.257361111111116 48.09375)
218,POINT (40.257361111111116 48.094027777777782)
219,POINT (40.257361111111116 48.094305555555557)
220,POINT (40.257361111111116 48.094583333333333)
215,POINT (40.257638888888891 48.082083333333337)
216,POINT (40.257638888888891 48.082361111111112)
218,POINT (40.257638888888891 48.082638888888894)
218,POINT (40.257638888888891 48.082916666666669)
217,POINT (40.257638888888891 48.083194444444445)
218,POINT (40.257638888888891 48.083472222222227)
218,POINT (40.257638888888891 48.08375)
220,POINT (40.257638888888891 48.084027777777777)
220,POINT (40.257638888888891 48.084305555555559)
219,POINT (40.257638888888891 48.084583333333335)
223,POINT (40.257638888888891 48.084861111111117)
224,POINT (40.257638888888891 48.085138888888892)
228,POINT (40.257638888888891 48.085416666666667)
228,POINT (40.257638888888891 48.085694444444449)
231,POINT (40.257638888888891 48.085972222222225)
232,POINT (40.257638888888891 48.08625)
230,POINT (40.257638888888891 48.086527777777782)
230,POINT (40.257638888888891 48.086805555555557)
233,POINT (40.257638888888891 48.087083333333332)
231,POINT (40.257638888888891 48.087361111111115)
232,POINT (40.257638888888891 48.08763888888889)
231,POINT (40.257638888888891 48.087916666666672)
229,POINT (40.257638888888891 48.088194444444447)
229,POINT (40.257638888888891 48.088472222222222)
228,POINT (40.257638888888891 48.088750000000005)
227,POINT (40.257638888888891 48.08902777777778)
229,POINT (40.257638888888891 48.089305555555555)
227,POINT (40.257638888888891 48.089583333333337)
227,POINT (40.257638888888891 48.089861111111112)
225,POINT (40.257638888888891 48.090138888888895)
225,POINT (40.257638888888891 48.09041666666667)
225,POINT (40.257638888888891 48.090694444444445)
222,POINT (40.257638888888891 48.090972222222227)
222,POINT (40.257638888888891 48.09125)
223,POINT (40.257638888888891 48.091527777777777)
223,POINT (40.257638888888891 48.09180555555556)
224,POINT (40.257638888888891 48.092083333333335)
222,POINT (40.257638888888891 48.09236111111111)
221,POINT (40.257638888888891 48.092638888888892)
223,POINT (40.257638888888891 48.092916666666667)
223,POINT (40.257638888888891 48.09319444444445)
222,POINT (40.257638888888891 48.093472222222225)
220,POINT (40.257638888888891 48.09375)
219,POINT (40.257638888888891 48.094027777777782)
219,POINT (40.257638888888891 48.094305555555557)
220,POINT (40.257638888888891 48.094583333333333)
216,POINT (40.257916666666667 48.082083333333337)
217,POINT (40.257916666666667 48.082361111111112)
218,POINT (40.257916666666667 48.082638888888894)
218,POINT (40.257916666666667 48.082916666666669)
218,POINT (40.257916666666667 48.083194444444445)
219,POINT (40.257916666666667 48.083472222222227)
219,POINT (40.257916666666667 48.08375)
220,POINT (40.257916666666667 48.084027777777777)
219,POINT (40.257916666666667 48.084305555555559)
220,POINT (40.257916666666667 48.084583333333335)
223,POINT (40.257916666666667 48.084861111111117)
226,POINT (40.257916666666667 48.085138888888892)
228,POINT (40.257916666666667 48.085416666666667)
228,POINT (40.257916666666667 48.085694444444449)
229,POINT (40.257916666666667 48.085972222222225)
229,POINT (40.257916666666667 48.08625)
228,POINT (40.257916666666667 48.086527777777782)
229,POINT (40.257916666666667 48.086805555555557)
232,POINT (40.257916666666667 48.087083333333332)
231,POINT (40.257916666666667 48.087361111111115)
233,POINT (40.257916666666667 48.08763888888889)
233,POINT (40.257916666666667 48.087916666666672)
231,POINT (40.257916666666667 48.088194444444447)
229,POINT (40.257916666666667 48.088472222222222)
228,POINT (40.257916666666667 48.088750000000005)
228,POINT (40.257916666666667 48.08902777777778)
227,POINT (40.257916666666667 48.089305555555555)
228,POINT (40.257916666666667 48.089583333333337)
228,POINT (40.257916666666667 48.089861111111112)
226,POINT (40.257916666666667 48.090138888888895)
226,POINT (40.257916666666667 48.09041666666667)
224,POINT (40.257916666666667 48.090694444444445)
222,POINT (40.257916666666667 48.090972222222227)
223,POINT (40.257916666666667 48.09125)
223,POINT (40.257916666666667 48.091527777777777)
223,POINT (40.257916666666667 48.09180555555556)
224,POINT (40.257916666666667 48.092083333333335)
222,POINT (40.257916666666667 48.09236111111111)
223,POINT (40.257916666666667 48.092638888888892)
223,POINT (40.257916666666667 48.092916666666667)
222,POINT (40.257916666666667 48.09319444444445)
221,POINT (40.257916666666667 48.093472222222225)
221,POINT (40.257916666666667 48.09375)
218,POINT (40.257916666666667 48.094027777777782)
218,POINT (40.257916666666667 48.094305555555557)
220,POINT (40.257916666666667 48.094583333333333)
217,POINT (40.258194444444449 48.082083333333337)
217,POINT (40.258194444444449 48.082361111111112)
217,POINT (40.258194444444449 48.082638888888894)
218,POINT (40.258194444444449 48.082916666666669)
217,POINT (40.258194444444449 48.083194444444445)
220,POINT (40.258194444444449 48.083472222222227)
220,POINT (40.258194444444449 48.08375)
221,POINT (40.258194444444449 48.084027777777777)
219,POINT (40.258194444444449 48.084305555555559)
219,POINT (40.258194444444449 48.084583333333335)
222,POINT (40.258194444444449 48.084861111111117)
225,POINT (40.258194444444449 48.085138888888892)
225,POINT (40.258194444444449 48.085416666666667)
228,POINT (40.258194444444449 48.085694444444449)
228,POINT (40.258194444444449 48.085972222222225)
228,POINT (40.258194444444449 48.08625)
228,POINT (40.258194444444449 48.086527777777782)
230,POINT (40.258194444444449 48.086805555555557)
231,POINT (40.258194444444449 48.087083333333332)
231,POINT (40.258194444444449 48.087361111111115)
233,POINT (40.258194444444449 48.08763888888889)
232,POINT (40.258194444444449 48.087916666666672)
233,POINT (40.258194444444449 48.088194444444447)
231,POINT (40.258194444444449 48.088472222222222)
231,POINT (40.258194444444449 48.088750000000005)
229,POINT (40.258194444444449 48.08902777777778)
229,POINT (40.258194444444449 48.089305555555555)
228,POINT (40.258194444444449 48.089583333333337)
228,POINT (40.258194444444449 48.089861111111112)
226,POINT (40.258194444444449 48.090138888888895)
224,POINT (40.258194444444449 48.09041666666667)
225,POINT (40.258194444444449 48.090694444444445)
224,POINT (40.258194444444449 48.090972222222227)
224,POINT (40.258194444444449 48.09125)
224,POINT (40.258194444444449 48.091527777777777)
223,POINT (40.258194444444449 48.09180555555556)
223,POINT (40.258194444444449 48.092083333333335)
223,POINT (40.258194444444449 48.09236111111111)
221,POINT (40.258194444444449 48.092638888888892)
224,POINT (40.258194444444449 48.092916666666667)
221,POINT (40.258194444444449 48.09319444444445)
220,POINT (40.258194444444449 48.093472222222225)
220,POINT (40.258194444444449 48.09375)
219,POINT (40.258194444444449 48.094027777777782)
218,POINT (40.258194444444449 48.094305555555557)
219,POINT (40.258194444444449 48.094583333333333)
217,POINT (40.258472222222224 48.082083333333337)
217,POINT (40.258472222222224 48.082361111111112)
217,POINT (40.258472222222224 48.082638888888894)
219,POINT (40.258472222222224 48.082916666666669)
219,POINT (40.258472222222224 48.083194444444445)
220,POINT (40.258472222222224 48.083472222222227)
221,POINT (40.258472222222224 48.08375)
221,POINT (40.258472222222224 48.084027777777777)
220,POINT (40.258472222222224 48.084305555555559)
220,POINT (40.258472222222224 48.084583333333335)
222,POINT (40.258472222222224 48.084861111111117)
225,POINT (40.258472222222224 48.085138888888892)
226,POINT (40.258472222222224 48.085416666666667)
227,POINT (40.258472222222224 48.085694444444449)
227,POINT (40.258472222222224 48.085972222222225)
228,POINT (40.258472222222224 48.08625)
228,POINT (40.258472222222224 48.086527777777782)
231,POINT (40.258472222222224 48.086805555555557)
233,POINT (40.258472222222224 48.087083333333332)
232,POINT (40.258472222222224 48.087361111111115)
231,POINT (40.258472222222224 48.08763888888889)
232,POINT (40.258472222222224 48.087916666666672)
234,POINT (40.258472222222224 48.088194444444447)
234,POINT (40.258472222222224 48.088472222222222)
231,POINT (40.258472222222224 48.088750000000005)
230,POINT (40.258472222222224 48.08902777777778)
229,POINT (40.258472222222224 48.089305555555555)
228,POINT (40.258472222222224 48.089583333333337)
226,POINT (40.258472222222224 48.089861111111112)
225,POINT (40.258472222222224 48.090138888888895)
225,POINT (40.258472222222224 48.09041666666667)
226,POINT (40.258472222222224 48.090694444444445)
224,POINT (40.258472222222224 48.090972222222227)
223,POINT (40.258472222222224 48.09125)
224,POINT (40.258472222222224 48.091527777777777)
224,POINT (40.258472222222224 48.09180555555556)
223,POINT (40.258472222222224 48.092083333333335)
224,POINT (40.258472222222224 48.09236111111111)
223,POINT (40.258472222222224 48.092638888888892)
224,POINT (40.258472222222224 48.092916666666667)
223,POINT (40.258472222222224 48.09319444444445)
221,POINT (40.258472222222224 48.093472222222225)
221,POINT (40.258472222222224 48.09375)
221,POINT (40.258472222222224 48.094027777777782)
219,POINT (40.258472222222224 48.094305555555557)
218,POINT (40.258472222222224 48.094583333333333)
217,POINT (40.25875 48.082083333333337)
218,POINT (40.25875 48.082361111111112)
219,POINT (40.25875 48.082638888888894)
221,POINT (40.25875 48.082916666666669)
220,POINT (40.25875 48.083194444444445)
221,POINT (40.25875 48.083472222222227)
221,POINT (40.25875 48.08375)
223,POINT (40.25875 48.084027777777777)
223,POINT (40.25875 48.084305555555559)
221,POINT (40.25875 48.084583333333335)
221,POINT (40.25875 48.084861111111117)
225,POINT (40.25875 48.085138888888892)
227,POINT (40.25875 48.085416666666667)
228,POINT (40.25875 48.085694444444449)
228,POINT (40.25875 48.085972222222225)
229,POINT (40.25875 48.08625)
228,POINT (40.25875 48.086527777777782)
230,POINT (40.25875 48.086805555555557)
232,POINT (40.25875 48.087083333333332)
230,POINT (40.25875 48.087361111111115)
229,POINT (40.25875 48.08763888888889)
230,POINT (40.25875 48.087916666666672)
231,POINT (40.25875 48.088194444444447)
232,POINT (40.25875 48.088472222222222)
229,POINT (40.25875 48.088750000000005)
229,POINT (40.25875 48.08902777777778)
229,POINT (40.25875 48.089305555555555)
226,POINT (40.25875 48.089583333333337)
227,POINT (40.25875 48.089861111111112)
227,POINT (40.25875 48.090138888888895)
225,POINT (40.25875 48.09041666666667)
224,POINT (40.25875 48.090694444444445)
222,POINT (40.25875 48.090972222222227)
223,POINT (40.25875 48.09125)
224,POINT (40.25875 48.091527777777777)
224,POINT (40.25875 48.09180555555556)
224,POINT (40.25875 48.092083333333335)
224,POINT (40.25875 48.09236111111111)
225,POINT (40.25875 48.092638888888892)
224,POINT (40.25875 48.092916666666667)
222,POINT (40.25875 48.09319444444445)
221,POINT (40.25875 48.093472222222225)
219,POINT (40.25875 48.09375)
221,POINT (40.25875 48.094027777777782)
219,POINT (40.25875 48.094305555555557)
218,POINT (40.25875 48.094583333333333)
